model	mode	train_mode	eval_mode	split	selected_variant	n	accuracy	macro_f1	brier	f1_yes	f1_no	f1_maybe	pred_frac_yes	pred_frac_no	pred_frac_maybe
majority_train	majority	label_prior	label_prior	val	majority_train	150	0.5533333333333333	0.23748211731044352	0.8933333333333333	0.7124463519313305	0.0	0.0	1.0	0.0	0.0
tfidf_lr	question_context	question_context	question_context	val	tfidf_lr_question_context_c0.01_ng12_cwbalanced	150	0.5266666666666666	0.38858156411503075	0.6653447613593413	0.6358381502890174	0.42990654205607476	0.1	0.6	0.37333333333333335	0.02666666666666667
tfidf_lr	question_only	question_only	question_only	val	tfidf_lr_question_only_c10.0_ng11_cwnone	150	0.56	0.39251169067570535	0.6368664942130146	0.676923076923077	0.3953488372093023	0.10526315789473684	0.7466666666666667	0.23333333333333334	0.02
tfidf_lr	context_only	context_only	context_only	val	tfidf_lr_context_only_c0.01_ng12_cwbalanced	150	0.5133333333333333	0.3546493666975595	0.6653521459822885	0.6024096385542169	0.46153846153846156	0.0	0.5533333333333333	0.44	0.006666666666666667
tfidf_lr	question_shuffled_context_eval	question_context	question_shuffled_context	val	tfidf_lr_question_context_c0.01_ng12_cwbalanced	150	0.44666666666666666	0.30016062574202107	0.6653254320710267	0.5581395348837208	0.34234234234234234	0.0	0.5933333333333334	0.4	0.006666666666666667
frozen_biomedbert	question_context	question_context	question_context	val	frozen_biomedbert_question_context_zscore_lr_c10.0_cwbalanced	150	0.5266666666666666	0.43652915711739254	0.8099782086549103	0.5974025974025975	0.5357142857142858	0.17647058823529413	0.47333333333333333	0.4066666666666667	0.12
frozen_biomedbert	question_only	question_only	question_only	val	frozen_biomedbert_question_only_zscore_lr_c0.1_cwnone	150	0.5333333333333333	0.44408089362217806	0.7491180373656765	0.6060606060606061	0.4954128440366972	0.23076923076923075	0.5466666666666666	0.38666666666666666	0.06666666666666667
frozen_biomedbert	context_only	context_only	context_only	val	frozen_biomedbert_context_only_zscore_lr_c0.1_cwbalanced	150	0.4866666666666667	0.4290310917163431	0.7195615146729342	0.5637583892617449	0.4601769911504424	0.2631578947368421	0.44	0.41333333333333333	0.14666666666666667
frozen_biomedbert	question_shuffled_context_eval	question_context	question_shuffled_context	val	frozen_biomedbert_question_context_zscore_lr_c10.0_cwbalanced	150	0.4	0.289543588505192	1.0347547436766011	0.5121951219512195	0.3564356435643565	0.0	0.54	0.3333333333333333	0.12666666666666668
