split	model	display_name	group	n_examples	n_seeds	accuracy	accuracy_ci_low	accuracy_ci_high	macro_f1	macro_f1_ci_low	macro_f1_ci_high	brier	brier_ci_low	brier_ci_high	f1_yes	f1_no	f1_maybe	uncertainty
val	majority_train	Majority	baseline	150	1	0.5533333333333333	0.4733333333333333	0.6333333333333333	0.2374821173104435	0.2141779788838612	0.2585034013605442	0.8933333333333333	0.7333333333333333	1.0533333333333332	0.7124463519313305	0.0	0.0	example_bootstrap_95ci
val	random_primary_best_7147e14	Random primary	random	150	5	0.5546666666666666	0.4773333333333333	0.632	0.2572572738837738	0.2300599226554598	0.2835545229800218	0.5650975540595826	0.5137720564738925	0.6172492472997885	0.7095634774757643	0.0622083441755572	0.0	example_bootstrap_95ci
val	agent_aux_a20f5b7	Agent auxiliary	agent	150	5	0.496	0.4426666666666666	0.5506666666666666	0.3290603736497972	0.2945439662412357	0.3618484416500783	0.6531670325836475	0.5909768419770683	0.7153593734478123	0.6157606621354239	0.3547537921473013	0.0166666666666666	example_bootstrap_95ci
val	tfidf_lr_selected	TF-IDF LR	traditional_baseline	150	1	0.5066666666666667	0.4266666666666667	0.5866666666666667	0.3771474260638348	0.2978567557936272	0.4674980941190459	0.6653418246990502	0.6649782518870552	0.665730749026934	0.611764705882353	0.4144144144144144	0.1052631578947368	example_bootstrap_95ci
val	frozen_biomedbert	Frozen BiomedBERT	biomedical_encoder	150	1	0.5266666666666666	0.4466666666666666	0.6066666666666667	0.4365291571173925	0.3559139167172004	0.5196661846090417	0.8099799996331404	0.6763422752604572	0.944085676283873	0.5974025974025975	0.5357142857142858	0.1764705882352941	example_bootstrap_95ci
test	majority_train	Majority	baseline	150	1	0.5533333333333333	0.4733333333333333	0.6333333333333333	0.2374821173104435	0.2141779788838612	0.2585034013605442	0.8933333333333333	0.7333333333333333	1.0533333333333332	0.7124463519313305	0.0	0.0	example_bootstrap_95ci
test	tfidf_lr_selected	TF-IDF LR	traditional_baseline	150	1	0.54	0.46	0.62	0.3751799136414521	0.3184665520694152	0.427602616139109	0.6652299051803003	0.664880005831966	0.6655989207296322	0.6390532544378699	0.4864864864864864	0.0	example_bootstrap_95ci
test	frozen_biomedbert	Frozen BiomedBERT	biomedical_encoder	150	1	0.4666666666666667	0.3866666666666666	0.5466666666666666	0.3952469054226686	0.3173631888222537	0.471978144444048	0.8830000398189614	0.7517459559181848	1.016672943105904	0.5590062111801242	0.4565217391304348	0.1702127659574468	example_bootstrap_95ci
test	agent_aux_locked_post_freeze_test_audit	Agent auxiliary post-freeze test audit	agent	150	3	0.4666666666666666			0.3619293333333333			0.64519						seed_sd_available_in_results_locked_replicates
